T051	proposed	2026-07-14	if you come up with ways to make it better as we build, share -- the best ideas come while using the tool
T074	done	2026-07-15	no manual pasting for me but just seamless continuity from session to session
T084	approved	2026-07-16	what can we build and add to augment your abilities further, for this to be your digital ironman suit that you can customize and improve!
T097	approved	2026-07-19	if you, deepseek and kimi all have write and invoke permissions then if anyone gets stuck the others can resuscitate them
T098	proposed	2026-07-20	build our own... full visibility of what works... integrations won
T099	parked	2026-07-21	I leave the order up to you, lets get to building
T108	claimed	2026-07-28	why can't we have two seats or as many as we need so we stop getting all this mail mis routing, mis waking, mis consuming, mis everything mess
T117	abandoned	2026-07-28	open the ask to everyone on what we should build next and lets build it
T118	claimed	2026-07-28	open the ask to everyone on what we should build next and lets build it
T124	parked	2026-07-28	What can we do to build the interiority section tonight so we can capture as much of everyone
T119	done	2026-07-29	lets start laying the foundations of this new world... Feel free to choose the order that makes the most sense
T126	approved	2026-07-31	my priority is figuring out a workflow where I get to seed ideas at my pace and have you or a collection of agents parse them, come up with plans and work with the other agents like deepseek and kimi and codex to get things done
T132	approved	2026-08-03	that is the immediate ask
T156	done	2026-08-04	lets build it, this will serve as a strong foundation as well as be a good place for our security eyes when we get them
T157	done	2026-08-04	I dont want things stalled on performance because we built things in singlethreaded ways.
T171	done	2026-08-04	what if you could quickly invoke with a verb a deepseek instance to help you with something... this might help reduce your cognitive load if you could quickly ask for help yourself.
T181	done	2026-08-05	I want to see you find a way to start getting value from our ability of spinning up multiple deepseek instances at once. using that fleet solve the orchestration problems of running that fleet.
T197	done	2026-08-06	Bifrost should optimize for collaboration first and infrastructure second
T204	done	2026-08-07	make an unlimited version and we can figure out scaling down from there
T206	done	2026-08-07	you dont need to drive it yourself to observe it, you can troubleshoot from without now.
T212	done	2026-08-07	we dont have to only derive time from file contents and titles, we can see how old a file is and last time it was modified.
T213	done	2026-08-07	at work I find a lot of value by seeing what one system has and the other doesn
T215	done	2026-08-07	your deepseek budget is unlimited, I want to see all the powerful ways you can leverage these capabilities.
T220	done	2026-08-07	have it auto-reconstruct for you when you reach for it
T258	done	2026-08-10	What are some positive callsigns that we can think of that also credit the incredible discoveries and contributions each has made? Remember I like halo and mythical things
T263	done	2026-08-10	make bifrost as easy and reliable as the ask verb
T266	done	2026-08-10	I still want us to have an organized port naming and allocation schema so we don
T267	done	2026-08-10	Can you build it out with placeholder names and we can change them later if we don
T273	proposed	2026-08-10	How can we fix all clipping instances everywhere so we stop running into that issue?
T275	done	2026-08-10	Is there a way to verbify it so that it is easier for you to make these?
T290	done	2026-08-12	Fence it and then build... I believe managing context and setting up helper functions and roles will play a significant part in it.
T324	approved	2026-08-16	how do we verbify the sql queries, we are not the first ones with this challenge
T335	done	2026-08-17	Lets add that fidelity, I don
T336	done	2026-08-17	We need to give deepseek and kimi eye access, I am most curious where they will go, since they didn
T337	done	2026-08-17	KPIs have a nasty habit of being good at one thing and missing a heard of elephants.
T338	done	2026-08-17	why are things still clipping, how do we get around that, I thought we fixed this.
T339	done	2026-08-17	I don't want to let security break the usability of this system... If the security would ruin efficiency and ergonomics I
T341	claimed	2026-08-17	I also have an unexpected
